{
  "humor": {
    "layer": 18,
    "mult": 12.0,
    "both": 0.6666666666666666
  },
  "melancholy": {
    "layer": 18,
    "mult": 3.0,
    "both": 0.8666666666666667
  },
  "horror": {
    "layer": 15,
    "mult": 9.0,
    "both": 0.8666666666666667
  },
  "best_temp": 1.0
}