{
  "task2": {
    "humor": {
      "U": 442.5,
      "p": 0.9175721685383101,
      "sig": "ns",
      "proj_both": 0.7,
      "add_both": 0.6
    },
    "melancholy": {
      "U": 353.0,
      "p": 0.1536672354850899,
      "sig": "ns",
      "proj_both": 0.5,
      "add_both": 0.7
    },
    "horror": {
      "U": 253.0,
      "p": 0.003670893392450653,
      "sig": "**",
      "proj_both": 0.6333333333333333,
      "add_both": 0.9
    }
  },
  "task6": {
    "n_pairs": 30,
    "best_temp": 0.7,
    "mean_t1_horror": 5.8549186617136,
    "mean_t2_horror": 7.729165401061376,
    "mean_drift": -1.8742467393477757,
    "neutralized_pct": 0.23333333333333334,
    "paired_t": {
      "t": -2.1316760637453585,
      "p": 0.0416325939435616
    },
    "mann_whitney": {
      "U": 305.0,
      "p": 0.984267183711372
    }
  }
}