{
  "humor": {
    "0": 2.8133928179740906,
    "1": 2.3095112681388854,
    "2": 1.7626688679059346,
    "3": 4.13715892235438,
    "4": 3.978026298681895,
    "5": 3.607604444026947,
    "6": 3.374362806479136,
    "7": 3.9456950068473815,
    "8": 4.195097815990448,
    "9": 4.702886092662811,
    "10": 6.015764383474986,
    "11": 5.8232614398002625,
    "12": 6.679362094402313,
    "13": 7.414321378866831,
    "14": 8.654130987326305,
    "15": 9.839743475119272,
    "16": 10.503303325176239,
    "17": 10.850071704387664,
    "18": 11.16479538679123,
    "19": 11.900896473725636,
    "20": 11.279576416810354,
    "21": 10.820694688955943,
    "22": 10.640472114086151,
    "23": 9.747087180614471,
    "24": 8.85306738615036,
    "25": 7.771791541576386,
    "26": 5.446276700496673,
    "27": 0.0
  },
  "melancholy": {
    "0": 7.414944060643514,
    "1": 4.577380132675171,
    "2": 5.848701747258504,
    "3": 6.25083556175232,
    "4": 4.198710012435913,
    "5": 2.6480424563090006,
    "6": 2.822538312276204,
    "7": 3.659932025273641,
    "8": 3.7388678709665935,
    "9": 3.652226146062215,
    "10": 4.164531087875366,
    "11": 4.982177209854126,
    "12": 6.088141012191772,
    "13": 7.128534841537475,
    "14": 8.349671411514283,
    "15": 9.529978799819947,
    "16": 11.08434255917867,
    "17": 10.862925132115683,
    "18": 11.611398426691691,
    "19": 11.95848921140035,
    "20": 11.193138933181762,
    "21": 10.328905471165974,
    "22": 9.613100131352743,
    "23": 7.768379894892375,
    "24": 6.170689948399862,
    "25": 5.270290931065877,
    "26": 2.3565039157867433,
    "27": 0.0
  },
  "horror": {
    "0": -3.163702408472697,
    "1": -5.018966976801554,
    "2": -1.5388780117034913,
    "3": 1.9922585646311441,
    "4": 4.33878124554952,
    "5": 5.32930506070455,
    "6": 5.523040723800659,
    "7": 4.612418540318807,
    "8": 5.78727650642395,
    "9": 7.039202801386515,
    "10": 7.655361636479696,
    "11": 8.12787127494812,
    "12": 7.989825963973999,
    "13": 8.247131490707398,
    "14": 10.182552417119345,
    "15": 11.395316012700398,
    "16": 11.387973419825236,
    "17": 10.129966751734417,
    "18": 10.174268992741903,
    "19": 9.988916031519572,
    "20": 7.974906365076701,
    "21": 6.226525068283081,
    "22": 5.617444753646851,
    "23": 3.661607027053833,
    "24": 2.2444987456003824,
    "25": 1.1155529816945393,
    "26": -2.1513742287953694,
    "27": 0.0
  }
}