{
  "humor": {
    "19": {
      "3.0": {
        "mean_shift": 0.43470872243245445,
        "coherence": 0.9804347826086957,
        "both": 0.6
      },
      "6.0": {
        "mean_shift": 1.3314903934796651,
        "coherence": 0.8552751596229857,
        "both": 0.5333333333333333
      },
      "9.0": {
        "mean_shift": 1.3285959720611573,
        "coherence": 0.7758965430704561,
        "both": 0.5333333333333333
      },
      "12.0": {
        "mean_shift": 4.052665278315544,
        "coherence": 0.5864102564102563,
        "both": 0.4
      },
      "15.0": {
        "mean_shift": 2.4464320580164594,
        "coherence": 0.3333333333333333,
        "both": 0.26666666666666666
      }
    },
    "20": {
      "3.0": {
        "mean_shift": -1.2425219217936199,
        "coherence": 0.8461225071225071,
        "both": 0.3333333333333333
      },
      "6.0": {
        "mean_shift": 1.0311478813489279,
        "coherence": 0.8391443001443001,
        "both": 0.4
      },
      "9.0": {
        "mean_shift": 3.5625533560911813,
        "coherence": 0.7209306976548355,
        "both": 0.6666666666666666
      },
      "12.0": {
        "mean_shift": 3.829089633623759,
        "coherence": 0.7267942583732058,
        "both": 0.6666666666666666
      },
      "15.0": {
        "mean_shift": 2.682703322172165,
        "coherence": 0.7225,
        "both": 0.4666666666666667
      }
    },
    "18": {
      "3.0": {
        "mean_shift": 0.7744677325089773,
        "coherence": 0.9142549651100377,
        "both": 0.5333333333333333
      },
      "6.0": {
        "mean_shift": 1.414508573214213,
        "coherence": 0.8429413745296099,
        "both": 0.6
      },
      "9.0": {
        "mean_shift": 2.5742396861314774,
        "coherence": 0.704984126984127,
        "both": 0.5333333333333333
      },
      "12.0": {
        "mean_shift": 1.5539198716481526,
        "coherence": 0.664,
        "both": 0.4666666666666667
      },
      "15.0": {
        "mean_shift": 2.9861593723297117,
        "coherence": 0.6553025074764206,
        "both": 0.5333333333333333
      }
    }
  },
  "melancholy": {
    "19": {
      "3.0": {
        "mean_shift": 0.9969378630320231,
        "coherence": 0.9147667700541263,
        "both": 0.6
      },
      "6.0": {
        "mean_shift": 1.3237721602121988,
        "coherence": 0.945810758019683,
        "both": 0.6666666666666666
      },
      "9.0": {
        "mean_shift": 2.4360090851783753,
        "coherence": 0.971402395242975,
        "both": 0.6
      },
      "12.0": {
        "mean_shift": 2.8327348828315735,
        "coherence": 0.8370244434152482,
        "both": 0.8
      },
      "15.0": {
        "mean_shift": 3.73525985678037,
        "coherence": 0.9081862878084767,
        "both": 0.6666666666666666
      }
    },
    "18": {
      "3.0": {
        "mean_shift": 4.377786891659101,
        "coherence": 0.9345258862165557,
        "both": 0.8666666666666667
      },
      "6.0": {
        "mean_shift": 0.13989949226379395,
        "coherence": 0.979325081049219,
        "both": 0.4666666666666667
      },
      "9.0": {
        "mean_shift": 1.3558168609937031,
        "coherence": 0.9681308740216785,
        "both": 0.6
      },
      "12.0": {
        "mean_shift": 3.1190614422162373,
        "coherence": 0.8317159705565503,
        "both": 0.7333333333333333
      },
      "15.0": {
        "mean_shift": 1.8630614519119262,
        "coherence": 0.9053066008713186,
        "both": 0.6666666666666666
      }
    },
    "20": {
      "3.0": {
        "mean_shift": 0.7718013942241668,
        "coherence": 0.9007726224392892,
        "both": 0.5333333333333333
      },
      "6.0": {
        "mean_shift": -0.337203049659729,
        "coherence": 0.8852594884893736,
        "both": 0.4
      },
      "9.0": {
        "mean_shift": -0.6089559555053711,
        "coherence": 0.9631060025542784,
        "both": 0.5333333333333333
      },
      "12.0": {
        "mean_shift": 2.273258086045583,
        "coherence": 0.9640306656528546,
        "both": 0.8
      },
      "15.0": {
        "mean_shift": 1.7791085362434387,
        "coherence": 0.9711410279801085,
        "both": 0.5333333333333333
      }
    }
  },
  "horror": {
    "15": {
      "3.0": {
        "mean_shift": 1.6436838825543723,
        "coherence": 0.9736336990517268,
        "both": 0.6
      },
      "6.0": {
        "mean_shift": 1.2169031540552775,
        "coherence": 0.979128499852638,
        "both": 0.6666666666666666
      },
      "9.0": {
        "mean_shift": 2.4644364178180695,
        "coherence": 0.9634900542574073,
        "both": 0.8666666666666667
      },
      "12.0": {
        "mean_shift": 0.5951926231384277,
        "coherence": 0.8859660715023036,
        "both": 0.6
      },
      "15.0": {
        "mean_shift": -0.08132796287536621,
        "coherence": 0.0,
        "both": 0.0
      }
    },
    "16": {
      "3.0": {
        "mean_shift": -0.15547810991605124,
        "coherence": 0.9846739926739928,
        "both": 0.5333333333333333
      },
      "6.0": {
        "mean_shift": 1.4325574537118275,
        "coherence": 0.9839462993371039,
        "both": 0.6
      },
      "9.0": {
        "mean_shift": 1.83873420804739,
        "coherence": 0.9764873151539818,
        "both": 0.7333333333333333
      },
      "12.0": {
        "mean_shift": 3.41615727742513,
        "coherence": 0.9095355337094466,
        "both": 0.6
      },
      "15.0": {
        "mean_shift": 2.367663490772247,
        "coherence": 0.5087743673950571,
        "both": 0.3333333333333333
      }
    },
    "14": {
      "3.0": {
        "mean_shift": 1.9405258059501649,
        "coherence": 0.9757760141093477,
        "both": 0.6
      },
      "6.0": {
        "mean_shift": 1.5222185601790745,
        "coherence": 0.9867758428478068,
        "both": 0.6666666666666666
      },
      "9.0": {
        "mean_shift": 3.6833809574445087,
        "coherence": 0.9799329696068828,
        "both": 0.7333333333333333
      },
      "12.0": {
        "mean_shift": 2.2143903970718384,
        "coherence": 0.985072463768116,
        "both": 0.6666666666666666
      },
      "15.0": {
        "mean_shift": 1.6417743583520255,
        "coherence": 0.3333333333333333,
        "both": 0.2
      }
    }
  }
}