{
  "surface_probe_acc": 0.7880084881486227,
  "surface_probe_std": 0.011988885336377752,
  "activation_probe_acc": 0.9,
  "gap": 0.11199151185137735,
  "feature_importances": {
    "sent_count": 1.5269120254961512,
    "upper_rate": 0.5819275678308033,
    "avg_sent_len": 0.5108375596406087,
    "avg_word_len": 0.50308006230104,
    "question_rate": 0.48990634064124433,
    "digit_rate": 0.39109271809685175,
    "exclaim_rate": 0.3660611492366952,
    "punct_density": 0.3087264934280937,
    "ellipsis_rate": 0.21460206391411396,
    "ttr": 0.12864555526593693
  }
}