{
  "n_pairs": 30,
  "best_temp": 0.7,
  "mean_t1_horror": 5.8549186617136,
  "mean_t2_horror": 7.729165401061376,
  "mean_drift": -1.8742467393477757,
  "neutralized_pct": 0.23333333333333334,
  "paired_t": {
    "t": -2.1316760637453585,
    "p": 0.0416325939435616
  },
  "mann_whitney": {
    "U": 305.0,
    "p": 0.984267183711372
  }
}